duration_sec,cpu_start_percent,cpu_end_percent,mem_start_mb,mem_end_mb
13.495483875274658,40.3,42.9,418.3046875,564.66796875
12.040984869003296,29.0,39.6,418.05078125,566.71875
